<?xml version="1.0" encoding="UTF-8"?>
<GenRun Id="synth_1" LaunchPart="xc7z020clg484-1" LaunchTime="1682671779">
  <File Type="PA-TCL" Name="stream_acc_design_wrapper.tcl"/>
  <File Type="RDS-PROPCONSTRS" Name="stream_acc_design_wrapper_drc_synth.rpt"/>
  <File Type="REPORTS-TCL" Name="stream_acc_design_wrapper_reports.tcl"/>
  <File Type="RDS-RDS" Name="stream_acc_design_wrapper.vds"/>
  <File Type="RDS-UTIL" Name="stream_acc_design_wrapper_utilization_synth.rpt"/>
  <File Type="RDS-UTIL-PB" Name="stream_acc_design_wrapper_utilization_synth.pb"/>
  <File Type="RDS-DCP" Name="stream_acc_design_wrapper.dcp"/>
  <File Type="VDS-TIMINGSUMMARY" Name="stream_acc_design_wrapper_timing_summary_synth.rpt"/>
  <File Type="VDS-TIMING-PB" Name="stream_acc_design_wrapper_timing_summary_synth.pb"/>
  <FileSet Name="sources" Type="DesignSrcs" RelSrcDir="$PSRCDIR/sources_1">
    <Filter Type="Srcs"/>
    <File Path="$PSRCDIR/sources_1/bd/stream_acc_design/stream_acc_design.bd">
      <FileInfo>
        <Attr Name="UsedIn" Val="synthesis"/>
        <Attr Name="UsedIn" Val="implementation"/>
        <Attr Name="UsedIn" Val="simulation"/>
      </FileInfo>
    </File>
    <File Path="$PSRCDIR/sources_1/bd/stream_acc_design/hdl/stream_acc_design_wrapper.v">
      <FileInfo>
        <Attr Name="UsedIn" Val="synthesis"/>
        <Attr Name="UsedIn" Val="implementation"/>
        <Attr Name="UsedIn" Val="simulation"/>
      </FileInfo>
    </File>
    <Config>
      <Option Name="DesignMode" Val="RTL"/>
      <Option Name="TopModule" Val="stream_acc_design_wrapper"/>
      <Option Name="TopAutoSet" Val="TRUE"/>
    </Config>
  </FileSet>
  <FileSet Name="constrs_in" Type="Constrs" RelSrcDir="$PSRCDIR/constrs_1">
    <Filter Type="Constrs"/>
    <Config>
      <Option Name="ConstrsType" Val="XDC"/>
    </Config>
  </FileSet>
  <FileSet Name="utils" Type="Utils" RelSrcDir="$PSRCDIR/utils_1">
    <Filter Type="Utils"/>
    <Config>
      <Option Name="TopAutoSet" Val="TRUE"/>
    </Config>
  </FileSet>
  <Strategy Version="1" Minor="2">
    <StratHandle Name="Vivado Synthesis Defaults" Flow="Vivado Synthesis 2018">
      <Desc>Vivado Synthesis Defaults</Desc>
    </StratHandle>
    <Step Id="synth_design"/>
  </Strategy>
  <BlockFileSet Type="BlockSrcs" Name="stream_acc_design_auto_pc_0"/>
  <BlockFileSet Type="BlockSrcs" Name="stream_acc_design_axi_fifo_mm_s_0_0"/>
  <BlockFileSet Type="BlockSrcs" Name="stream_acc_design_cordic_stream_acc_0_0"/>
  <BlockFileSet Type="BlockSrcs" Name="stream_acc_design_rst_ps7_0_100M_0"/>
  <BlockFileSet Type="BlockSrcs" Name="stream_acc_design_processing_system7_0_0"/>
</GenRun>
