<?xml version="1.0"?>
<Runs Version="1" Minor="0">
	<Run Id="stream_acc_design_axi_fifo_mm_s_0_0_synth_1" LaunchDir="C:/sdup/lab/5_1/stream_acc_system/stream_acc_system.runs/stream_acc_design_axi_fifo_mm_s_0_0_synth_1" FlowId="Vivado_Synthesis" FromStepId="vivado" ToStepId="vivado"/>
	<Run Id="stream_acc_design_rst_ps7_0_100M_0_synth_1" LaunchDir="C:/sdup/lab/5_1/stream_acc_system/stream_acc_system.runs/stream_acc_design_rst_ps7_0_100M_0_synth_1" FlowId="Vivado_Synthesis" FromStepId="vivado" ToStepId="vivado"/>
	<Run Id="stream_acc_design_processing_system7_0_0_synth_1" LaunchDir="C:/sdup/lab/5_1/stream_acc_system/stream_acc_system.runs/stream_acc_design_processing_system7_0_0_synth_1" FlowId="Vivado_Synthesis" FromStepId="vivado" ToStepId="vivado"/>
	<Run Id="stream_acc_design_cordic_stream_acc_0_0_synth_1" LaunchDir="C:/sdup/lab/5_1/stream_acc_system/stream_acc_system.runs/stream_acc_design_cordic_stream_acc_0_0_synth_1" FlowId="Vivado_Synthesis" FromStepId="vivado" ToStepId="vivado"/>
	<Run Id="stream_acc_design_auto_pc_0_synth_1" LaunchDir="C:/sdup/lab/5_1/stream_acc_system/stream_acc_system.runs/stream_acc_design_auto_pc_0_synth_1" FlowId="Vivado_Synthesis" FromStepId="vivado" ToStepId="vivado"/>
	<Run Id="synth_1" LaunchDir="C:/sdup/lab/5_1/stream_acc_system/stream_acc_system.runs/synth_1" FlowId="Vivado_Synthesis" FromStepId="vivado" ToStepId="vivado">
		<Parent Id="stream_acc_design_axi_fifo_mm_s_0_0_synth_1"/>
		<Parent Id="stream_acc_design_rst_ps7_0_100M_0_synth_1"/>
		<Parent Id="stream_acc_design_processing_system7_0_0_synth_1"/>
		<Parent Id="stream_acc_design_cordic_stream_acc_0_0_synth_1"/>
		<Parent Id="stream_acc_design_auto_pc_0_synth_1"/>
	</Run>
	<Parameters>
		<Parameter Name="runs.monitorLSFJobs" Val="true" Type="bool"/>
	</Parameters>
</Runs>

